lap,name,position,total_time,gap,tyre,fuel,dnf,pit_stops
1,Verstappen,1,110.437,110.437,95,96,False,0
1,Tsunoda,17,111.774,111.774,97,96,False,0
1,Leclerc,12,110.801,110.801,96,97,False,0
1,Hamilton,2,0,0,95,97,False,0
1,Norris,3,0,0,94,97,False,0
1,Piastri,4,0,0,94,98,False,0
1,Russell,5,0,0,94,98,False,0
1,Antonelli,14,111.555,111.555,96,97,False,0
1,Alonso,6,0,0,97,99,False,0
1,Stroll,7,0,0,98,98,False,0
1,Gasly,8,0,0,94,97,False,0
1,Colapinto,19,111.88,111.88,97,97,False,0
1,Ocon,9,0,0,95,97,False,0
1,Bearman,18,111.754,111.754,94,98,False,0
1,Hadjar,15,111.643,111.643,95,96,False,0
1,Lawson,16,111.678,111.678,97,97,False,0
1,Albon,10,0,0,95,98,False,0
1,Sainz,13,111.216,111.216,97,96,False,0
1,Hulkenberg,11,0,0,96,99,False,0
1,Bortoleto,20,112.021,112.021,97,96,False,0
2,Verstappen,1,221.191,221.191,89,93,False,0
2,Tsunoda,15,223.854,223.854,90,94,False,0
2,Leclerc,12,222.029,222.029,89,94,False,0
2,Hamilton,2,0,0,91,95,False,0
2,Norris,3,0,0,88,94,False,0
2,Piastri,4,0,0,89,96,False,0
2,Russell,5,0,0,90,96,False,0
2,Antonelli,14,223.411,223.411,89,95,False,0
2,Alonso,6,0,0,94,97,False,0
2,Stroll,7,0,0,93,97,False,0
2,Gasly,8,0,0,92,94,False,0
2,Colapinto,18,224.123,224.123,92,93,False,0
2,Ocon,9,0,0,92,95,False,0
2,Bearman,19,223.858,223.858,91,95,False,0
2,Hadjar,17,223.81,223.81,88,92,False,0
2,Lawson,16,223.569,223.569,94,95,False,0
2,Albon,10,0,0,92,95,False,0
2,Sainz,13,222.647,222.647,93,93,False,0
2,Hulkenberg,11,0,0,92,98,False,0
2,Bortoleto,20,224.144,224.144,92,94,False,0
3,Verstappen,1,332.231,332.231,83,90,False,0
3,Tsunoda,17,336.106,336.106,85,90,False,0
3,Leclerc,12,333.428,333.428,86,92,False,0
3,Hamilton,2,0,0,88,92,False,0
3,Norris,3,0,0,82,91,False,0
3,Piastri,4,0,0,84,93,False,0
3,Russell,5,0,0,87,94,False,0
3,Antonelli,14,335.627,335.627,84,92,False,0
3,Alonso,6,0,0,91,96,False,0
3,Stroll,7,0,0,89,96,False,0
3,Gasly,8,0,0,89,91,False,0
3,Colapinto,19,336.526,336.526,89,91,False,0
3,Ocon,9,0,0,88,93,False,0
3,Bearman,18,336.163,336.163,87,93,False,0
3,Hadjar,16,336.017,336.017,84,90,False,0
3,Lawson,15,335.762,335.762,87,93,False,0
3,Albon,10,0,0,86,93,False,0
3,Sainz,13,334.106,334.106,90,91,False,0
3,Hulkenberg,11,0,0,87,96,False,0
3,Bortoleto,20,336.556,336.556,88,92,False,0
4,Verstappen,1,443.599,443.599,80,87,False,0
4,Tsunoda,17,448.757,448.757,78,88,False,0
4,Leclerc,12,445.16,445.16,81,88,False,0
4,Hamilton,2,0,0,85,89,False,0
4,Norris,3,0,0,76,89,False,0
4,Piastri,4,0,0,82,90,False,0
4,Russell,5,0,0,84,91,False,0
4,Antonelli,14,448.012,448.012,79,88,False,0
4,Alonso,6,0,0,86,94,False,0
4,Stroll,7,0,0,85,95,False,0
4,Gasly,8,0,0,85,89,False,0
4,Colapinto,20,449.156,449.156,84,88,False,0
4,Ocon,9,0,0,85,90,False,0
4,Bearman,18,448.751,448.751,81,89,False,0
4,Hadjar,15,448.541,448.541,79,87,False,0
4,Lawson,16,448.149,448.149,84,89,False,0
4,Albon,10,0,0,84,91,False,0
4,Sainz,13,445.884,445.884,86,89,False,0
4,Hulkenberg,11,0,0,84,95,False,0
4,Bortoleto,19,449.041,449.041,85,89,False,0
5,Verstappen,7,558.137,555.137,77,85,False,0
5,Tsunoda,18,561.637,561.637,74,84,False,0
5,Leclerc,12,557.035,557.035,74,86,False,0
5,Hamilton,2,0,0,80,87,False,0
5,Norris,1,0,0,74,87,False,0
5,Piastri,3,0,0,76,88,False,0
5,Russell,5,0,0,78,89,False,0
5,Antonelli,15,560.574,560.574,75,85,False,0
5,Alonso,4,0,0,84,93,False,0
5,Stroll,6,3,0,82,94,False,0
5,Gasly,8,0,0,83,87,False,0
5,Colapinto,19,562.025,562.025,78,84,False,0
5,Ocon,9,0,0,80,88,False,0
5,Bearman,14,561.657,561.657,75,85,False,0
5,Hadjar,17,561.373,561.373,75,85,False,0
5,Lawson,16,560.945,560.945,77,85,False,0
5,Albon,10,0,0,80,89,False,0
5,Sainz,13,557.963,557.963,80,85,False,0
5,Hulkenberg,11,0,0,79,94,False,0
5,Bortoleto,20,561.982,561.982,79,87,False,0
6,Verstappen,1,669.898,669.898,74,81,False,0
6,Tsunoda,16,674.761,674.761,70,82,False,0
6,Leclerc,12,669.242,669.242,69,84,False,0
6,Hamilton,2,0,0,78,85,False,0
6,Norris,3,0,0,72,84,False,0
6,Piastri,4,0,0,72,86,False,0
6,Russell,5,0,0,76,86,False,0
6,Antonelli,15,673.424,673.424,72,81,False,0
6,Alonso,6,0,0,81,92,False,0
6,Stroll,11,3,3,77,92,False,0
6,Gasly,7,0,0,81,85,False,0
6,Colapinto,20,675.157,675.157,74,81,False,0
6,Ocon,8,0,0,75,85,False,0
6,Bearman,18,674.654,674.654,72,81,False,0
6,Hadjar,17,674.47,674.47,70,81,False,0
6,Lawson,14,673.85,673.85,74,82,False,0
6,Albon,9,0,0,77,86,False,0
6,Sainz,13,670.295,670.295,76,82,False,0
6,Hulkenberg,10,0,0,75,93,False,0
6,Bortoleto,19,675.171,675.171,73,85,False,0
7,Verstappen,1,781.9,781.9,67,78,False,0
7,Tsunoda,18,788.231,788.231,63,79,False,0
7,Leclerc,12,781.705,781.705,64,82,False,0
7,Hamilton,2,0,0,75,82,False,0
7,Norris,3,0,0,67,81,False,0
7,Piastri,4,0,0,68,83,False,0
7,Russell,5,0,0,70,84,False,0
7,Antonelli,14,786.599,786.599,66,79,False,0
7,Alonso,6,0,0,77,91,False,0
7,Stroll,11,3,3,73,90,False,0
7,Gasly,7,0,0,79,83,False,0
7,Colapinto,19,788.656,788.656,67,79,False,0
7,Ocon,8,0,0,71,82,False,0
7,Bearman,17,787.956,787.956,66,79,False,0
7,Hadjar,15,787.686,787.686,66,77,False,0
7,Lawson,16,786.933,786.933,71,78,False,0
7,Albon,9,0,0,71,84,False,0
7,Sainz,13,782.847,782.847,69,78,False,0
7,Hulkenberg,10,0,0,71,92,False,0
7,Bortoleto,20,788.52,788.52,68,82,False,0
8,Verstappen,1,894.197,894.197,61,75,False,0
8,Tsunoda,17,902.061,902.061,58,75,False,0
8,Leclerc,12,894.487,894.487,57,78,False,0
8,Hamilton,2,0,0,72,79,False,0
8,Norris,3,0,0,62,78,False,0
8,Piastri,4,0,0,64,81,False,0
8,Russell,5,0,0,65,81,False,0
8,Antonelli,14,900.021,900.021,60,75,False,0
8,Alonso,6,0,0,74,89,False,0
8,Stroll,11,3,3,70,88,False,0
8,Gasly,7,0,0,75,80,False,0
8,Colapinto,19,902.441,902.441,61,77,False,0
8,Ocon,8,0,0,65,79,False,0
8,Bearman,18,901.488,901.488,60,76,False,0
8,Hadjar,16,901.171,901.171,60,74,False,0
8,Lawson,15,900.173,900.173,67,74,False,0
8,Albon,9,0,0,65,82,False,0
8,Sainz,13,895.805,895.805,62,74,False,0
8,Hulkenberg,10,0,0,69,90,False,0
8,Bortoleto,20,902.131,902.131,65,78,False,0
9,Verstappen,6,1016.78,1006.78,55,73,False,0
9,Tsunoda,19,1016.113,1016.113,51,71,False,0
9,Leclerc,13,1007.746,1007.746,50,74,False,0
9,Hamilton,1,0,0,70,77,False,0
9,Norris,2,0,0,56,76,False,0
9,Piastri,3,0,0,59,79,False,0
9,Russell,4,0,0,61,78,False,0
9,Antonelli,16,1013.633,1013.633,57,71,False,0
9,Alonso,5,5,0,71,88,False,0
9,Stroll,11,3,3,67,87,False,0
9,Gasly,7,0,0,71,77,False,0
9,Colapinto,20,1016.599,1016.599,54,73,False,0
9,Ocon,8,0,0,62,77,False,0
9,Bearman,17,1015.419,1015.419,53,72,False,0
9,Hadjar,14,1015.049,1015.049,54,71,False,0
9,Lawson,15,1013.632,1013.632,64,71,False,0
9,Albon,9,0,0,63,79,False,0
9,Sainz,12,1009.069,1009.069,59,70,False,0
9,Hulkenberg,10,0,0,65,89,False,0
9,Bortoleto,18,1016.032,1016.032,60,74,False,0
10,Verstappen,1,1129.644,1129.644,52,69,False,0
10,Tsunoda,19,1130.424,1130.424,46,69,False,0
10,Leclerc,12,1121.321,1121.321,43,70,False,0
10,Hamilton,2,0,0,68,75,False,0
10,Norris,3,0,0,52,74,False,0
10,Piastri,4,0,0,54,77,False,0
10,Russell,5,0,0,59,76,False,0
10,Antonelli,15,1127.566,1127.566,51,67,False,0
10,Alonso,11,5,5,66,87,False,0
10,Stroll,10,3,3,63,85,False,0
10,Gasly,6,0,0,69,75,False,0
10,Colapinto,20,1130.882,1130.882,50,70,False,0
10,Ocon,7,0,0,56,75,False,0
10,Bearman,17,1129.555,1129.555,49,68,False,0
10,Hadjar,16,1129.157,1129.157,48,69,False,0
10,Lawson,14,1127.517,1127.517,57,68,False,0
10,Albon,8,0,0,61,76,False,0
10,Sainz,13,1122.483,1122.483,56,66,False,0
10,Hulkenberg,9,0,0,61,87,False,0
10,Bortoleto,18,1130.182,1130.182,56,71,False,0
11,Verstappen,1,1242.568,1242.568,48,66,False,0
11,Tsunoda,20,1244.946,1244.946,43,65,False,0
11,Leclerc,12,1235.195,1235.195,37,66,False,0
11,Hamilton,2,0,0,66,73,False,0
11,Norris,3,0,0,49,72,False,0
11,Piastri,4,0,0,51,74,False,0
11,Russell,5,0,0,57,73,False,0
11,Antonelli,15,1241.717,1241.717,48,63,False,0
11,Alonso,11,5,5,62,85,False,0
11,Stroll,10,3,3,59,84,False,0
11,Gasly,6,0,0,63,72,False,0
11,Colapinto,18,1245.49,1245.49,46,67,False,0
11,Ocon,7,0,0,50,72,False,0
11,Bearman,17,1243.88,1243.88,46,65,False,0
11,Hadjar,16,1243.416,1243.416,45,65,False,0
11,Lawson,14,1241.49,1241.49,54,65,False,0
11,Albon,8,0,0,58,74,False,0
11,Sainz,13,1236.131,1236.131,50,64,False,0
11,Hulkenberg,9,0,0,59,86,False,0
11,Bortoleto,19,1244.348,1244.348,53,69,False,0
12,Verstappen,1,1355.793,1355.793,43,62,False,0
12,Tsunoda,19,1359.767,1359.767,39,62,False,0
12,Leclerc,14,1371.581,1371.581,100,63,False,1
12,Hamilton,2,0,0,64,70,False,0
12,Norris,3,0,0,44,70,False,0
12,Piastri,4,0,0,49,71,False,0
12,Russell,5,0,0,55,71,False,0
12,Antonelli,15,1356.033,1356.033,43,61,False,0
12,Alonso,11,5,5,57,83,False,0
12,Stroll,10,3,3,57,83,False,0
12,Gasly,6,0,0,60,70,False,0
12,Colapinto,20,1360.307,1360.307,39,64,False,0
12,Ocon,7,0,0,46,70,False,0
12,Bearman,17,1358.566,1358.566,39,63,False,0
12,Hadjar,16,1357.913,1357.913,41,63,False,0
12,Lawson,13,1355.781,1355.781,51,63,False,0
12,Albon,8,0,0,55,72,False,0
12,Sainz,12,1349.994,1349.994,44,62,False,0
12,Hulkenberg,9,0,0,54,84,False,0
12,Bortoleto,18,1358.845,1358.845,49,67,False,0
13,Verstappen,1,1469.323,1469.323,39,59,False,0
13,Tsunoda,19,1474.635,1474.635,35,60,False,0
13,Leclerc,13,1483.227,1483.227,94,61,False,1
13,Hamilton,2,0,0,62,67,False,0
13,Norris,3,0,0,40,67,False,0
13,Piastri,4,0,0,43,68,False,0
13,Russell,5,0,0,49,69,False,0
13,Antonelli,15,1470.844,1470.844,36,57,False,0
13,Alonso,11,5,5,53,81,False,0
13,Stroll,10,3,3,53,81,False,0
13,Gasly,6,0,0,55,67,False,0
13,Colapinto,20,1475.376,1475.376,34,62,False,0
13,Ocon,7,0,0,42,67,False,0
13,Bearman,18,1473.567,1473.567,33,61,False,0
13,Hadjar,16,1472.674,1472.674,38,60,False,0
13,Lawson,14,1470.277,1470.277,44,60,False,0
13,Albon,8,0,0,52,69,False,0
13,Sainz,12,1464.16,1464.16,39,60,False,0
13,Hulkenberg,9,0,0,50,83,False,0
13,Bortoleto,17,1473.47,1473.47,46,65,False,0
14,Verstappen,2,1583.09,1583.09,36,56,False,0
14,Tsunoda,17,1589.687,1589.687,32,57,False,0
14,Leclerc,13,1595.027,1595.027,90,59,False,1
14,Hamilton,1,0,0,58,64,False,0
14,Norris,3,0,0,36,64,False,0
14,Piastri,4,0,0,39,66,False,0
14,Russell,5,0,0,47,67,False,0
14,Antonelli,18,1608.066,1608.066,100,55,False,1
14,Alonso,11,5,5,49,80,False,0
14,Stroll,10,3,3,48,79,False,0
14,Gasly,6,0,0,52,65,False,0
14,Colapinto,20,1612.998,1612.998,100,58,False,1
14,Ocon,7,0,0,38,64,False,0
14,Bearman,19,1610.84,1610.84,100,59,False,1
14,Hadjar,15,1587.762,1587.762,32,57,False,0
14,Lawson,14,1585.245,1585.245,37,57,False,0
14,Albon,8,0,0,50,66,False,0
14,Sainz,12,1578.704,1578.704,34,56,False,0
14,Hulkenberg,9,0,0,48,82,False,0
14,Bortoleto,16,1588.279,1588.279,41,63,False,0
15,Verstappen,1,1697.025,1697.025,31,53,False,0
15,Tsunoda,19,1727.175,1727.175,100,55,False,1
15,Leclerc,13,1707.128,1707.128,85,57,False,1
15,Hamilton,2,0,0,53,62,False,0
15,Norris,3,0,0,31,62,False,0
15,Piastri,4,0,0,37,64,False,0
15,Russell,5,0,0,41,64,False,0
15,Antonelli,17,1720.509,1720.509,95,52,False,1
15,Alonso,11,5,5,47,79,False,0
15,Stroll,10,3,3,43,77,False,0
15,Gasly,6,0,0,46,62,False,0
15,Colapinto,20,1725.764,1725.764,96,55,False,1
15,Ocon,7,0,0,36,61,False,0
15,Bearman,18,1723.527,1723.527,95,55,False,1
15,Hadjar,16,1725.216,1725.216,100,53,False,1
15,Lawson,14,1700.245,1700.245,33,55,False,0
15,Albon,8,0,0,47,64,False,0
15,Sainz,12,1693.392,1693.392,31,54,False,0
15,Hulkenberg,9,0,0,44,80,False,0
15,Bortoleto,15,1703.315,1703.315,38,59,False,0
16,Verstappen,1,1833.182,1833.182,100,50,False,1
16,Tsunoda,20,1839.794,1839.794,95,53,False,1
16,Leclerc,13,1819.491,1819.491,80,53,False,1
16,Hamilton,2,0,0,48,59,False,0
16,Norris,3,0,0,28,59,False,0
16,Piastri,4,0,0,31,61,False,0
16,Russell,5,0,0,36,62,False,0
16,Antonelli,16,1833.211,1833.211,89,50,False,1
16,Alonso,11,5,5,44,78,False,0
16,Stroll,10,3,3,39,75,False,0
16,Gasly,6,0,0,41,59,False,0
16,Colapinto,19,1838.727,1838.727,90,52,False,1
16,Ocon,7,0,0,32,58,False,0
16,Bearman,15,1836.572,1836.572,89,52,False,1
16,Hadjar,18,1837.906,1837.906,94,49,False,1
16,Lawson,17,1837.805,1837.805,100,51,False,1
16,Albon,8,0,0,45,62,False,0
16,Sainz,14,1830.228,1830.228,100,51,False,1
16,Hulkenberg,9,0,0,40,78,False,0
16,Bortoleto,12,1818.507,1818.507,34,57,False,0
17,Verstappen,1,1944.534,1944.534,97,47,False,1
17,Tsunoda,18,1952.781,1952.781,88,49,False,1
17,Leclerc,12,1932.227,1932.227,75,49,False,1
17,Hamilton,2,0,0,43,56,False,0
17,Norris,3,0,0,24,56,False,0
17,Piastri,4,0,0,28,59,False,0
17,Russell,5,0,0,30,60,False,0
17,Antonelli,14,1946.341,1946.341,82,48,False,1
17,Alonso,11,5,5,39,76,False,0
17,Stroll,10,3,3,34,73,False,0
17,Gasly,6,0,0,35,56,False,0
17,Colapinto,19,1951.95,1951.95,87,50,False,1
17,Ocon,7,0,0,27,55,False,0
17,Bearman,15,1949.862,1949.862,84,48,False,1
17,Hadjar,17,1950.913,1950.913,87,46,False,1
17,Lawson,16,1950.495,1950.495,95,48,False,1
17,Albon,8,0,0,43,60,False,0
17,Sainz,13,1942.386,1942.386,94,48,False,1
17,Hulkenberg,9,0,0,36,76,False,0
17,Bortoleto,20,1956.133,1956.133,100,55,False,1
18,Verstappen,12,2059.209,2056.209,93,44,False,1
18,Tsunoda,19,2066.09,2066.09,82,47,False,1
18,Leclerc,3,2048.131,2045.131,70,45,False,1
18,Hamilton,2,0,0,41,53,False,0
18,Norris,1,0,0,19,53,False,0
18,Piastri,4,0,0,24,56,False,0
18,Russell,5,0,0,28,57,False,0
18,Antonelli,14,2059.866,2059.866,75,46,False,1
18,Alonso,11,5,5,37,75,False,0
18,Stroll,10,3,3,30,72,False,0
18,Gasly,6,0,0,29,54,False,0
18,Colapinto,18,2065.331,2065.331,84,46,False,1
18,Ocon,7,0,0,22,52,False,0
18,Bearman,16,2063.415,2063.415,79,46,False,1
18,Hadjar,15,2064.151,2064.151,82,42,False,1
18,Lawson,17,2063.478,2063.478,92,45,False,1
18,Albon,8,0,0,38,57,False,0
18,Sainz,13,2054.787,2054.787,90,44,False,1
18,Hulkenberg,9,0,0,32,75,False,0
18,Bortoleto,20,2069.068,2069.068,95,52,False,1
19,Verstappen,1,2171.21,2171.21,87,41,False,1
19,Tsunoda,19,2182.73,2179.73,75,45,False,1
19,Leclerc,12,2161.286,2161.286,67,41,False,1
19,Hamilton,2,0,0,37,51,False,0
19,Norris,3,0,0,15,50,False,0
19,Piastri,4,0,0,18,54,False,0
19,Russell,5,0,0,22,55,False,0
19,Antonelli,14,2173.509,2173.509,72,44,False,1
19,Alonso,11,5,5,35,73,False,0
19,Stroll,10,3,3,26,71,False,0
19,Gasly,6,0,0,26,52,False,0
19,Colapinto,18,2179.05,2179.05,77,44,False,1
19,Ocon,7,0,0,16,49,False,0
19,Bearman,17,2177.11,2177.11,74,43,False,1
19,Hadjar,15,2177.703,2177.703,78,38,False,1
19,Lawson,16,2176.479,2176.479,89,42,False,1
19,Albon,8,0,0,33,55,False,0
19,Sainz,13,2167.549,2167.549,86,41,False,1
19,Hulkenberg,9,0,0,29,73,False,0
19,Bortoleto,20,2185.192,2182.192,89,50,False,1
20,Verstappen,9,2286.469,2283.469,80,39,False,1
20,Tsunoda,18,2296.578,2296.578,72,42,False,1
20,Leclerc,12,2274.721,2274.721,62,38,False,1
20,Hamilton,2,0,0,31,49,False,0
20,Norris,1,0,0,12,47,False,0
20,Piastri,3,0,0,15,52,False,0
20,Russell,4,0,0,16,53,False,0
20,Antonelli,15,2287.386,2287.386,67,40,False,1
20,Alonso,11,5,5,30,72,False,0
20,Stroll,10,3,3,21,70,False,0
20,Gasly,5,0,0,20,50,False,0
20,Colapinto,19,2293.03,2293.03,74,41,False,1
20,Ocon,6,0,0,11,46,False,0
20,Bearman,17,2291.062,2291.062,70,39,False,1
20,Hadjar,14,2291.566,2291.566,73,34,False,1
20,Lawson,16,2289.802,2289.802,86,38,False,1
20,Albon,8,0,0,31,53,False,0
20,Sainz,13,2280.566,2280.566,79,39,False,1
20,Hulkenberg,7,3,0,24,72,False,0
20,Bortoleto,20,2298.753,2298.753,83,47,False,1
21,Verstappen,1,2399.108,2399.108,74,35,False,1
21,Tsunoda,19,2410.852,2410.852,65,38,False,1
21,Leclerc,12,2388.479,2388.479,55,34,False,1
21,Hamilton,2,0,0,28,47,False,0
21,Norris,3,0,0,6,44,False,0
21,Piastri,4,0,0,13,50,False,0
21,Russell,5,0,0,14,51,False,0
21,Antonelli,14,2401.583,2401.583,63,36,False,1
21,Alonso,11,5,5,27,70,False,0
21,Stroll,9,3,3,18,69,False,0
21,Gasly,6,0,0,16,47,False,0
21,Colapinto,18,2407.204,2407.204,69,39,False,1
21,Ocon,7,0,0,6,43,False,0
21,Bearman,16,2405.28,2405.28,66,36,False,1
21,Hadjar,17,2405.816,2405.816,66,30,False,1
21,Lawson,15,2403.338,2403.338,81,35,False,1
21,Albon,8,0,0,29,51,False,0
21,Sainz,13,2393.918,2393.918,72,36,False,1
21,Hulkenberg,10,3,3,20,70,False,0
21,Bortoleto,20,2412.648,2412.648,76,45,False,1
22,Verstappen,1,2511.946,2511.946,69,33,False,1
22,Tsunoda,18,2525.307,2525.307,58,36,False,1
22,Leclerc,12,2502.609,2502.609,50,30,False,1
22,Hamilton,2,0,0,25,44,False,0
22,Norris,3,0,0,4,42,False,0
22,Piastri,4,0,0,9,48,False,0
22,Russell,5,0,0,8,49,False,0
22,Antonelli,14,2516.043,2516.043,57,32,False,1
22,Alonso,11,5,5,24,69,False,0
22,Stroll,9,3,3,14,68,False,0
22,Gasly,6,0,0,12,45,False,0
22,Colapinto,19,2521.563,2521.563,65,36,False,1
22,Ocon,7,0,0,3,40,False,0
22,Bearman,17,2519.768,2519.768,60,34,False,1
22,Hadjar,16,2520.166,2520.166,63,28,False,1
22,Lawson,15,2517.097,2517.097,77,33,False,1
22,Albon,8,0,0,27,49,False,0
22,Sainz,13,2507.645,2507.645,65,34,False,1
22,Hulkenberg,10,3,3,17,68,False,0
22,Bortoleto,20,2526.649,2526.649,71,42,False,1
23,Verstappen,1,2624.94,2624.94,66,31,False,1
23,Tsunoda,18,2640.078,2640.078,55,33,False,1
23,Leclerc,11,2616.838,2616.838,47,26,False,1
23,Hamilton,2,0,0,23,41,False,0
23,Norris,3,0,0,1,40,False,0
23,Piastri,4,0,0,5,45,False,0
23,Russell,5,0,0,5,46,False,0
23,Antonelli,13,2630.562,2630.562,54,29,False,1
23,Alonso,10,5,5,22,68,False,0
23,Stroll,8,3,3,10,66,False,0
23,Gasly,6,0,0,8,43,False,0
23,Colapinto,17,2636.153,2636.153,60,32,False,1
23,Ocon,7,0,0,0,37,False,0
23,Bearman,16,2634.481,2634.481,54,31,False,1
23,Hadjar,15,2634.811,2634.811,56,24,False,1
23,Lawson,14,2631.125,2631.125,73,30,False,1
23,Albon,7,0,0,21,47,False,0
23,Sainz,12,2621.546,2621.546,61,30,False,1
23,Hulkenberg,9,3,3,14,67,False,0
23,Bortoleto,19,2640.954,2640.954,66,38,False,1
24,Verstappen,1,2738.257,2738.257,59,29,False,1
24,Tsunoda,15,2755.205,2755.205,48,30,False,1
24,Leclerc,9,2731.367,2731.367,44,22,False,1
24,Hamilton,2,0,0,17,38,False,0
24,Norris,3,0,0,0,38,False,0
24,Piastri,3,0,0,1,42,False,0
24,Russell,5,0,0,0,44,False,0
24,Antonelli,11,2745.596,2745.596,47,26,False,1
24,Alonso,8,5,5,20,67,False,0
24,Stroll,6,3,3,6,65,False,0
24,Gasly,4,0,0,4,41,False,0
24,Colapinto,16,2751.061,2751.061,56,28,False,1
24,Ocon,7,0,0,0,37,False,0
24,Bearman,14,2749.541,2749.541,48,28,False,1
24,Hadjar,13,2749.7,2749.7,53,22,False,1
24,Lawson,12,2745.389,2745.389,69,28,False,1
24,Albon,5,0,0,18,45,False,0
24,Sainz,10,2735.634,2735.634,56,27,False,1
24,Hulkenberg,7,3,3,9,65,False,0
24,Bortoleto,17,2755.536,2755.536,63,34,False,1
25,Verstappen,1,2851.837,2851.837,54,26,False,1
25,Tsunoda,14,2870.549,2870.549,44,26,False,1
25,Leclerc,7,2845.945,2845.945,41,18,False,1
25,Hamilton,2,0,0,14,35,False,0
25,Norris,3,0,0,0,38,False,0
25,Piastri,3,0,0,0,40,False,0
25,Russell,5,0,0,0,44,False,0
25,Antonelli,11,2860.841,2860.841,41,22,False,1
25,Alonso,6,5,5,16,66,False,0
25,Stroll,4,3,3,4,64,False,0
25,Gasly,4,0,0,0,38,False,0
25,Colapinto,13,2866.258,2866.258,49,26,False,1
25,Ocon,7,0,0,0,37,False,0
25,Bearman,12,2864.905,2864.905,45,24,False,1
25,Hadjar,9,2864.903,2864.903,46,19,False,1
25,Lawson,10,2859.661,2859.661,66,26,False,1
25,Albon,3,0,0,15,42,False,0
25,Sainz,8,2850.077,2850.077,50,24,False,1
25,Hulkenberg,5,3,3,7,63,False,0
25,Bortoleto,15,2870.2,2870.2,60,32,False,1
26,Verstappen,1,2965.574,2965.574,51,24,False,1
26,Tsunoda,11,2986.027,2986.027,40,24,False,1
26,Leclerc,7,2960.775,2960.775,37,14,False,1
26,Hamilton,2,0,0,9,33,False,0
26,Norris,3,0,0,0,38,False,0
26,Piastri,3,0,0,0,40,False,0
26,Russell,5,0,0,0,44,False,0
26,Antonelli,9,2976.279,2976.279,38,20,False,1
26,Alonso,6,5,5,11,65,False,0
26,Stroll,4,3,3,2,62,False,0
26,Gasly,4,0,0,0,38,False,0
26,Colapinto,14,2981.808,2981.808,43,23,False,1
26,Ocon,7,0,0,0,37,False,0
26,Bearman,12,2980.428,2980.428,39,20,False,1
26,Hadjar,13,2980.487,2980.487,39,16,False,1
26,Lawson,10,2974.336,2974.336,61,23,False,1
26,Albon,3,0,0,11,40,False,0
26,Sainz,8,2964.88,2964.88,45,22,False,1
26,Hulkenberg,5,3,3,3,61,False,0
26,Bortoleto,15,2985.211,2985.211,56,28,False,1
27,Verstappen,1,3079.745,3079.745,44,20,False,1
27,Tsunoda,9,3101.87,3101.87,33,21,False,1
27,Leclerc,5,3075.823,3075.823,34,12,False,1
27,Hamilton,2,0,0,3,31,False,0
27,Norris,3,0,0,0,38,False,0
27,Piastri,3,0,0,0,40,False,0
27,Russell,5,0,0,0,44,False,0
27,Antonelli,7,3091.949,3091.949,32,16,False,1
27,Alonso,4,5,5,7,63,False,0
27,Stroll,4,3,3,0,60,False,0
27,Gasly,4,0,0,0,38,False,0
27,Colapinto,12,3097.693,3097.693,36,19,False,1
27,Ocon,7,0,0,0,37,False,0
27,Bearman,10,3096.138,3096.138,36,17,False,1
27,Hadjar,11,3096.339,3096.339,32,12,False,1
27,Lawson,8,3089.198,3089.198,55,19,False,1
27,Albon,3,0,0,6,38,False,0
27,Sainz,6,3079.96,3079.96,38,20,False,1
27,Hulkenberg,5,3,3,0,60,False,0
27,Bortoleto,13,3100.285,3100.285,52,25,False,1
28,Verstappen,1,3194.07,3194.07,39,17,False,1
28,Tsunoda,11,3240.003,3240.003,100,19,False,2
28,Leclerc,4,3213.243,3213.243,100,9,False,2
28,Hamilton,2,0,0,0,28,False,0
28,Norris,3,0,0,0,38,False,0
28,Piastri,3,0,0,0,40,False,0
28,Russell,5,0,0,0,44,False,0
28,Antonelli,8,3229.967,3229.967,100,14,False,2
28,Alonso,3,5,5,3,62,False,0
28,Stroll,4,3,3,0,60,False,0
28,Gasly,4,0,0,0,38,False,0
28,Colapinto,9,3213.755,3213.755,32,15,False,1
28,Ocon,7,0,0,0,37,False,0
28,Bearman,7,3212.233,3212.233,32,13,False,1
28,Hadjar,12,3234.707,3234.707,100,8,False,2
28,Lawson,6,3204.284,3204.284,51,17,False,1
28,Albon,2,0,0,2,35,False,0
28,Sainz,5,3195.15,3195.15,33,18,False,1
28,Hulkenberg,5,3,3,0,60,False,0
28,Bortoleto,10,3215.737,3215.737,45,23,False,1
29,Verstappen,1,3308.542,0.0,36,14,False,1
29,Tsunoda,10,3353.433,44.89,97,15,False,2
29,Leclerc,2,3325.974,17.432,93,7,False,2
29,Hamilton,2,0,0,0,28,False,0
29,Norris,3,0,0,0,38,False,0
29,Piastri,3,0,0,0,40,False,0
29,Russell,5,0,0,0,44,False,0
29,Antonelli,7,3343.288,34.746,96,11,False,2
29,Alonso,3,5,5,0,60,False,0
29,Stroll,4,3,3,0,60,False,0
29,Gasly,4,0,0,0,38,False,0
29,Colapinto,9,3352.302,43.76,100,11,False,2
29,Ocon,7,0,0,0,37,False,0
29,Bearman,8,3350.54,41.998,100,10,False,2
29,Hadjar,6,3348.267,39.725,95,4,False,2
29,Lawson,3,3319.674,11.131,46,14,False,1
29,Albon,2,0,0,0,33,False,0
29,Sainz,4,3332.795,24.253,100,14,False,2
29,Hulkenberg,5,3,3,0,60,False,0
29,Bortoleto,5,3331.626,23.083,39,19,False,1
30,Verstappen,1,3445.498,10.22,100,12,False,2
30,Tsunoda,10,3467.048,31.769,92,13,False,2
30,Leclerc,3,3439.073,3.795,86,4,False,2
30,Hamilton,2,0,0,0,28,False,0
30,Norris,3,0,0,0,38,False,0
30,Piastri,3,0,0,0,40,False,0
30,Russell,5,0,0,0,44,False,0
30,Antonelli,5,3456.931,21.652,89,8,False,2
30,Alonso,3,5,5,0,60,False,0
30,Stroll,4,3,3,0,60,False,0
30,Gasly,4,0,0,0,38,False,0
30,Colapinto,9,3466.214,30.936,93,7,False,2
30,Ocon,7,0,0,0,37,False,0
30,Bearman,8,3464.248,28.97,93,6,False,2
30,Hadjar,7,3462.09,26.812,91,1,False,2
30,Lawson,2,3435.278,0.0,43,12,False,1
30,Albon,2,0,0,0,33,False,0
30,Sainz,4,3445.87,10.591,93,10,False,2
30,Hulkenberg,5,3,3,0,60,False,0
30,Bortoleto,6,3447.763,12.485,32,17,False,1
